{
    "N": {
        "min": 0,
        "max": 140
    },
    "P": {
        "min": 5,
        "max": 145
    },
    "K": {
        "min": 5,
        "max": 205
    },
    "temperature": {
        "min": 8.825674745,
        "max": 43.67549305
    },
    "humidity": {
        "min": 14.25803981,
        "max": 99.98187601
    },
    "ph": {
        "min": 3.504752314,
        "max": 9.93509073
    },
    "rainfall": {
        "min": 20.21126747,
        "max": 298.5601175
    }
}