{
    "accuracy": 0.9715909090909091,
    "precision": 0.9714474710338681,
    "recall": 0.9715909090909091,
    "f1_score": 0.9711213066757753
}