{
    "accuracy": 0.9659090909090909,
    "precision": 0.9664758801247771,
    "recall": 0.9659090909090909,
    "f1_score": 0.9654394884939571
}